drug,cell_line_id,method,cosine_mean,mmd_rbf,de_jaccard_top100,response_magnitude_latent,threshold_index_latent,n_observed_0.5
Cytarabine,CVCL_0546,dose_field,-0.0719589367508888,0.0381361544132232,0.2269938650306748,2.555924415588379,1.2458995580673218,256
Cytarabine,CVCL_0546,nearest_0.05,0.1471330672502517,0.0054772794246673,0.1299435028248587,2.555924415588379,1.2458995580673218,256
Cytarabine,CVCL_0546,nearest_5,-0.1898838430643081,0.009196251630783,0.0362694300518134,2.555924415588379,1.2458995580673218,256
Cytarabine,CVCL_0546,log_linear,-0.0430420972406864,0.2831498086452484,0.2578616352201258,2.555924415588379,1.2458995580673218,256
Cytarabine,CVCL_0546,ot_interpolation,-0.043042083409217,0.0071239014940267,0.1494252873563218,2.555924415588379,1.2458995580673218,256
Cytarabine,CVCL_0546,control_floor,0.1343368887901306,0.0059395730495452,0.0471204188481675,2.555924415588379,1.2458995580673218,256
Topotecan (hydrochloride),CVCL_0546,dose_field,-0.3003440797328949,0.0397866368293762,0.0362694300518134,2.0159411430358887,1.325198531150818,256
Topotecan (hydrochloride),CVCL_0546,nearest_0.05,0.0451531857252121,0.0063002109527587,0.0582010582010582,2.0159411430358887,1.325198531150818,256
Topotecan (hydrochloride),CVCL_0546,nearest_5,-0.4787413477897644,0.0122981965541839,0.0362694300518134,2.0159411430358887,1.325198531150818,256
Topotecan (hydrochloride),CVCL_0546,log_linear,-0.2811475694179535,0.3250928223133087,0.0582010582010582,2.0159411430358887,1.325198531150818,256
Topotecan (hydrochloride),CVCL_0546,ot_interpolation,-0.2811475423636345,0.0093752339461757,0.0582010582010582,2.0159411430358887,1.325198531150818,256
Topotecan (hydrochloride),CVCL_0546,control_floor,0.3702163398265838,0.0037329893093556,0.0256410256410256,2.0159411430358887,1.325198531150818,256
Ornidazole,CVCL_0546,dose_field,0.078496441245079,0.0287770722061395,0.1363636363636363,2.2032222747802734,1.156124711036682,256
Ornidazole,CVCL_0546,nearest_0.05,0.3094617426395416,0.0051428377628326,0.2121212121212121,2.2032222747802734,1.156124711036682,256
Ornidazole,CVCL_0546,nearest_5,-0.1648292988538742,0.0096953315660357,0.1299435028248587,2.2032222747802734,1.156124711036682,256
Ornidazole,CVCL_0546,log_linear,0.0671045258641243,0.3308255970478058,0.1173184357541899,2.2032222747802734,1.156124711036682,256
Ornidazole,CVCL_0546,ot_interpolation,0.0671048783058429,0.0057167878019969,0.1695906432748538,2.2032222747802734,1.156124711036682,256
Ornidazole,CVCL_0546,control_floor,0.2554375231266022,0.0048279264010488,0.0471204188481675,2.2032222747802734,1.156124711036682,256
Afatinib,CVCL_0546,dose_field,0.2471734881401062,0.0285726580768823,0.1049723756906077,2.339806318283081,0.8398398756980896,256
Afatinib,CVCL_0546,nearest_0.05,0.3017399311065674,0.0029648144263774,0.1363636363636363,2.339806318283081,0.8398398756980896,256
Afatinib,CVCL_0546,nearest_5,-0.0836336389183998,0.0037485659122467,0.0928961748633879,2.339806318283081,0.8398398756980896,256
Afatinib,CVCL_0546,log_linear,0.1758917570114135,0.2820336818695068,0.1299435028248587,2.339806318283081,0.8398398756980896,256
Afatinib,CVCL_0546,ot_interpolation,0.1758915553940837,0.0029510900174682,0.1764705882352941,2.339806318283081,0.8398398756980896,256
Afatinib,CVCL_0546,control_floor,-0.0526603832840919,0.0047580800019204,0.0256410256410256,2.339806318283081,0.8398398756980896,256
Glasdegib,CVCL_0546,dose_field,0.0772836208343505,0.0383000783622264,0.1494252873563218,3.243643283843994,1.4072402715682983,256
Glasdegib,CVCL_0546,nearest_0.05,0.2053580433130264,0.0146769089624285,0.1363636363636363,3.243643283843994,1.4072402715682983,256
Glasdegib,CVCL_0546,nearest_5,-0.2526427507400512,0.013675888068974,0.1235955056179775,3.243643283843994,1.4072402715682983,256
Glasdegib,CVCL_0546,log_linear,0.0267547387629747,0.3291132748126983,0.1111111111111111,3.243643283843994,1.4072402715682983,256
Glasdegib,CVCL_0546,ot_interpolation,0.0267544685041605,0.0121149494304383,0.1428571428571428,3.243643283843994,1.4072402715682983,256
Glasdegib,CVCL_0546,control_floor,-0.3722610175609588,0.0120357470586895,0.0204081632653061,3.243643283843994,1.4072402715682983,256
Ribociclib,CVCL_0546,dose_field,-0.2946403622627258,0.0377395562827587,0.0928961748633879,2.052633762359619,0.7977396845817566,256
Ribociclib,CVCL_0546,nearest_0.05,-0.4355674982070923,0.0071489312686026,0.0471204188481675,2.052633762359619,0.7977396845817566,256
Ribociclib,CVCL_0546,nearest_5,0.1288719773292541,0.0033225715160369,0.0869565217391304,2.052633762359619,0.7977396845817566,256
Ribociclib,CVCL_0546,log_linear,-0.2734659016132355,0.3248093426227569,0.1049723756906077,2.052633762359619,0.7977396845817566,256
Ribociclib,CVCL_0546,ot_interpolation,-0.2734662136742119,0.0047938780562119,0.0869565217391304,2.052633762359619,0.7977396845817566,256
Ribociclib,CVCL_0546,control_floor,0.200874388217926,0.0033302407246083,0.0101010101010101,2.052633762359619,0.7977396845817566,256
Flumatinib (mesylate),CVCL_0546,dose_field,-0.623295247554779,0.0328090377151966,0.0309278350515463,2.493056535720825,0.7607764601707458,256
Flumatinib (mesylate),CVCL_0546,nearest_0.05,0.1673643440008163,0.0080337421968579,0.1560693641618497,2.493056535720825,0.7607764601707458,256
Flumatinib (mesylate),CVCL_0546,nearest_5,-0.7223588228225708,0.0227941069751977,0.0638297872340425,2.493056535720825,0.7607764601707458,256
Flumatinib (mesylate),CVCL_0546,log_linear,-0.6577098965644836,0.2816617786884308,0.0362694300518134,2.493056535720825,0.7607764601707458,256
Flumatinib (mesylate),CVCL_0546,ot_interpolation,-0.6577099867154695,0.0113914432764342,0.0204081632653061,2.493056535720825,0.7607764601707458,256
Flumatinib (mesylate),CVCL_0546,control_floor,0.2329717427492141,0.0060833194293081,0.0101010101010101,2.493056535720825,0.7607764601707458,256
Fostamatinib (disodium hexahydrate),CVCL_0546,dose_field,0.3041104972362518,0.0259122643619775,0.1173184357541899,1.9200760126113892,0.5898057818412781,256
Fostamatinib (disodium hexahydrate),CVCL_0546,nearest_0.05,0.2992687523365021,0.0033855736255645,0.1428571428571428,1.9200760126113892,0.5898057818412781,256
Fostamatinib (disodium hexahydrate),CVCL_0546,nearest_5,0.1521144360303878,0.0065476498566567,0.1560693641618497,1.9200760126113892,0.5898057818412781,256
Fostamatinib (disodium hexahydrate),CVCL_0546,log_linear,0.2816415131092071,0.3233343362808227,0.1173184357541899,1.9200760126113892,0.5898057818412781,256
Fostamatinib (disodium hexahydrate),CVCL_0546,ot_interpolation,0.281642093281409,0.0015533519962263,0.2422360248447205,1.9200760126113892,0.5898057818412781,256
Fostamatinib (disodium hexahydrate),CVCL_0546,control_floor,0.1992014944553375,0.0041124424897134,0.015228426395939,1.9200760126113892,0.5898057818412781,256
Carbidopa (monohydrate),CVCL_0546,dose_field,-0.5574545860290527,0.0314224548637867,0.0416666666666666,2.25215220451355,1.4866602420806885,256
Carbidopa (monohydrate),CVCL_0546,nearest_0.05,-0.6659662127494812,0.0156008107587695,0.0362694300518134,2.25215220451355,1.4866602420806885,256
Carbidopa (monohydrate),CVCL_0546,nearest_5,-0.1174246668815612,0.0070920088328421,0.0256410256410256,2.25215220451355,1.4866602420806885,256
Carbidopa (monohydrate),CVCL_0546,log_linear,-0.5692657828330994,0.2827212810516357,0.0471204188481675,2.25215220451355,1.4866602420806885,256
Carbidopa (monohydrate),CVCL_0546,ot_interpolation,-0.5692657228598067,0.0114576509221083,0.015228426395939,2.25215220451355,1.4866602420806885,256
Carbidopa (monohydrate),CVCL_0546,control_floor,0.42987060546875,0.0046460032463073,0.0204081632653061,2.25215220451355,1.4866602420806885,256
Fumaric acid,CVCL_0546,dose_field,-0.0938047990202903,0.0308456625789403,0.1049723756906077,2.0477516651153564,1.0244178771972656,256
Fumaric acid,CVCL_0546,nearest_0.05,-0.0857735872268676,0.003434270620346,0.0989010989010989,2.0477516651153564,1.0244178771972656,256
Fumaric acid,CVCL_0546,nearest_5,-0.0949982553720474,0.0119313793256878,0.075268817204301,2.0477516651153564,1.0244178771972656,256
Fumaric acid,CVCL_0546,log_linear,-0.1008327379822731,0.2809137105941772,0.1173184357541899,2.0477516651153564,1.0244178771972656,256
Fumaric acid,CVCL_0546,ot_interpolation,-0.1008326602084948,0.0066020115672774,0.0989010989010989,2.0477516651153564,1.0244178771972656,256
Fumaric acid,CVCL_0546,control_floor,-0.1286293864250183,0.0047384700737893,0.0204081632653061,2.0477516651153564,1.0244178771972656,256
Larotrectinib sulfate,CVCL_0546,dose_field,0.5670070052146912,0.0382270105183124,0.081081081081081,3.5181095600128174,1.1842833757400513,256
Larotrectinib sulfate,CVCL_0546,nearest_0.05,0.5647255778312683,0.0077399909496307,0.2269938650306748,3.5181095600128174,1.1842833757400513,256
Larotrectinib sulfate,CVCL_0546,nearest_5,0.3155767619609833,0.0102997226640582,0.2345679012345679,3.5181095600128174,1.1842833757400513,256
Larotrectinib sulfate,CVCL_0546,log_linear,0.5291840434074402,0.3332222700119018,0.0695187165775401,3.5181095600128174,1.1842833757400513,256
Larotrectinib sulfate,CVCL_0546,ot_interpolation,0.529183902714926,0.008116447549613,0.1695906432748538,3.5181095600128174,1.1842833757400513,256
Larotrectinib sulfate,CVCL_0546,control_floor,0.0745851173996925,0.0137679772451519,0.0309278350515463,3.5181095600128174,1.1842833757400513,256
Naproxen,CVCL_0546,dose_field,0.0437358804047107,0.0354366190731525,0.1111111111111111,1.9008928537368777,1.1974403858184814,256
Naproxen,CVCL_0546,nearest_0.05,0.0080007622018456,0.0050788023509085,0.0362694300518134,1.9008928537368777,1.1974403858184814,256
Naproxen,CVCL_0546,nearest_5,-0.0263136215507984,0.0048392415046691,0.0416666666666666,1.9008928537368777,1.1974403858184814,256
Naproxen,CVCL_0546,log_linear,-0.0121637787669897,0.3230151832103729,0.1299435028248587,1.9008928537368777,1.1974403858184814,256
Naproxen,CVCL_0546,ot_interpolation,-0.0121636587753615,0.0045553964632174,0.0582010582010582,1.9008928537368777,1.1974403858184814,256
Naproxen,CVCL_0546,control_floor,0.4144259095191955,0.0033149023074656,0.0362694300518134,1.9008928537368777,1.1974403858184814,256
Edoxaban (tosylate monohydrate),CVCL_0546,dose_field,0.5497315526008606,0.0318979807198047,0.1049723756906077,2.9063291549682617,1.0842885971069336,256
Edoxaban (tosylate monohydrate),CVCL_0546,nearest_0.05,0.5093993544578552,0.0044221081770956,0.2121212121212121,2.9063291549682617,1.0842885971069336,256
Edoxaban (tosylate monohydrate),CVCL_0546,nearest_5,0.3814177513122558,0.0048042833805084,0.2903225806451613,2.9063291549682617,1.0842885971069336,256
Edoxaban (tosylate monohydrate),CVCL_0546,log_linear,0.5335793495178223,0.3241042196750641,0.075268817204301,2.9063291549682617,1.0842885971069336,256
Edoxaban (tosylate monohydrate),CVCL_0546,ot_interpolation,0.533579970249487,0.0043107878197013,0.2658227848101265,2.9063291549682617,1.0842885971069336,256
Edoxaban (tosylate monohydrate),CVCL_0546,control_floor,0.1357486546039581,0.0079266028478741,0.0309278350515463,2.9063291549682617,1.0842885971069336,256
Rimonabant (Hydrochloride),CVCL_0546,dose_field,0.1010545194149017,0.0419739596545696,0.0256410256410256,3.5189578533172607,1.4679230451583862,256
Rimonabant (Hydrochloride),CVCL_0546,nearest_0.05,-0.5108731389045715,0.0189876556396484,0.0526315789473684,3.5189578533172607,1.4679230451583862,256
Rimonabant (Hydrochloride),CVCL_0546,nearest_5,0.5655286908149719,0.0081498520448803,0.2048192771084337,3.5189578533172607,1.4679230451583862,256
Rimonabant (Hydrochloride),CVCL_0546,log_linear,0.077822558581829,0.3419460952281952,0.0471204188481675,3.5189578533172607,1.4679230451583862,256
Rimonabant (Hydrochloride),CVCL_0546,ot_interpolation,0.0778224897895201,0.0126082996222896,0.0416666666666666,3.5189578533172607,1.4679230451583862,256
Rimonabant (Hydrochloride),CVCL_0546,control_floor,0.2993169128894806,0.0111541152000427,0.0204081632653061,3.5189578533172607,1.4679230451583862,256
Regorafenib,CVCL_0546,dose_field,-0.3753020763397217,0.0332309901714324,0.1235955056179775,2.560412645339966,0.9776461720466614,256
Regorafenib,CVCL_0546,nearest_0.05,-0.3624632656574249,0.0116820931434631,0.0638297872340425,2.560412645339966,0.9776461720466614,256
Regorafenib,CVCL_0546,nearest_5,-0.1275711953639984,0.0076827802695333,0.1428571428571428,2.560412645339966,0.9776461720466614,256
Regorafenib,CVCL_0546,log_linear,-0.3262620270252228,0.3166694641113281,0.0928961748633879,2.560412645339966,0.9776461720466614,256
Regorafenib,CVCL_0546,ot_interpolation,-0.3262623323600129,0.0066001215324201,0.1494252873563218,2.560412645339966,0.9776461720466614,256
Regorafenib,CVCL_0546,control_floor,-0.3147296011447906,0.0075344941578805,0.0204081632653061,2.560412645339966,0.9776461720466614,256
Daptomycin,CVCL_0546,dose_field,0.7966566681861877,0.0368101000785827,0.4814814814814814,3.868980646133423,0.5382939577102661,256
Daptomycin,CVCL_0546,nearest_0.05,0.50545734167099,0.0127889513969421,0.2195121951219512,3.868980646133423,0.5382939577102661,256
Daptomycin,CVCL_0546,nearest_5,0.8840687870979309,0.0071151056326925,0.5503875968992248,3.868980646133423,0.5382939577102661,256
Daptomycin,CVCL_0546,log_linear,0.816970705986023,0.2787221372127533,0.3245033112582781,3.868980646133423,0.5382939577102661,256
Daptomycin,CVCL_0546,ot_interpolation,0.816970982639923,0.0053498810091998,0.4925373134328358,3.868980646133423,0.5382939577102661,256
Daptomycin,CVCL_0546,control_floor,0.1976499855518341,0.0150826470926404,0.0101010101010101,3.868980646133423,0.5382939577102661,256
Plicamycin,CVCL_0546,dose_field,-0.0583321005105972,0.0413429141044616,0.1428571428571428,2.407440185546875,1.0834131240844729,256
Plicamycin,CVCL_0546,nearest_0.05,0.0606998391449451,0.0131462411954998,0.1173184357541899,2.407440185546875,1.0834131240844729,256
Plicamycin,CVCL_0546,nearest_5,-0.1690995991230011,0.0068791010417044,0.1049723756906077,2.407440185546875,1.0834131240844729,256
Plicamycin,CVCL_0546,log_linear,-0.0260480809956789,0.2852196097373962,0.1299435028248587,2.407440185546875,1.0834131240844729,256
Plicamycin,CVCL_0546,ot_interpolation,-0.026047712988463,0.0070113777256874,0.1235955056179775,2.407440185546875,1.0834131240844729,256
Plicamycin,CVCL_0546,control_floor,-0.0984846502542495,0.0076601505279541,0.0204081632653061,2.407440185546875,1.0834131240844729,256
Ivabradine (hydrochloride),CVCL_0546,dose_field,0.6633383631706238,0.0361148603260517,0.0582010582010582,4.942835330963135,0.6801401376724243,256
Ivabradine (hydrochloride),CVCL_0546,nearest_0.05,-0.567399263381958,0.0278456602245569,0.015228426395939,4.942835330963135,0.6801401376724243,256
Ivabradine (hydrochloride),CVCL_0546,nearest_5,0.7855052947998047,0.008174349553883,0.1494252873563218,4.942835330963135,0.6801401376724243,256
Ivabradine (hydrochloride),CVCL_0546,log_linear,0.6934685111045837,0.3195840120315552,0.0309278350515463,4.942835330963135,0.6801401376724243,256
Ivabradine (hydrochloride),CVCL_0546,ot_interpolation,0.6934685212481113,0.011655053205666,0.1695906432748538,4.942835330963135,0.6801401376724243,256
Ivabradine (hydrochloride),CVCL_0546,control_floor,-0.2761114537715912,0.0251690745353698,0.0204081632653061,4.942835330963135,0.6801401376724243,256
Belumosudil,CVCL_0546,dose_field,-0.3997740149497986,0.0364026017487049,0.0928961748633879,2.2265026569366455,0.5728248953819275,256
Belumosudil,CVCL_0546,nearest_0.05,0.5329641103744507,0.0013246139278635,0.25,2.2265026569366455,0.5728248953819275,256
Belumosudil,CVCL_0546,nearest_5,-0.5702131986618042,0.025280674919486,0.0256410256410256,2.2265026569366455,0.5728248953819275,256
Belumosudil,CVCL_0546,log_linear,-0.4128469228744507,0.328289270401001,0.1049723756906077,2.2265026569366455,0.5728248953819275,256
Belumosudil,CVCL_0546,ot_interpolation,-0.4128475463348804,0.0083166427336676,0.0582010582010582,2.2265026569366455,0.5728248953819275,256
Belumosudil,CVCL_0546,control_floor,0.0244548898190259,0.0044313669204711,0.015228426395939,2.2265026569366455,0.5728248953819275,256
Pravastatin (sodium),CVCL_0546,dose_field,0.93487948179245,0.027370074763894,0.3333333333333333,4.396171569824219,0.4854142963886261,256
Pravastatin (sodium),CVCL_0546,nearest_0.05,0.9351558685302734,0.0014588435878977,0.2903225806451613,4.396171569824219,0.4854142963886261,256
Pravastatin (sodium),CVCL_0546,nearest_5,0.8664596080780029,0.0058595142327249,0.2578616352201258,4.396171569824219,0.4854142963886261,256
Pravastatin (sodium),CVCL_0546,log_linear,0.940763771533966,0.3188895881175995,0.25,4.396171569824219,0.4854142963886261,256
Pravastatin (sodium),CVCL_0546,ot_interpolation,0.9407638883055092,0.0008146607301702,0.3793103448275862,4.396171569824219,0.4854142963886261,256
Pravastatin (sodium),CVCL_0546,control_floor,-0.1745517253875732,0.0193563196808099,0.0362694300518134,4.396171569824219,0.4854142963886261,256
Cytarabine,CVCL_0459,dose_field,0.4343049526214599,0.0344867296516895,0.2269938650306748,2.6435999870300293,0.9795207381248474,256
Cytarabine,CVCL_0459,nearest_0.05,0.4916307628154754,0.001633713603951,0.25,2.6435999870300293,0.9795207381248474,256
Cytarabine,CVCL_0459,nearest_5,0.2429995238780975,0.0014981230488047,0.2738853503184713,2.6435999870300293,0.9795207381248474,256
Cytarabine,CVCL_0459,log_linear,0.4274552762508392,0.3174241781234741,0.2195121951219512,2.6435999870300293,0.9795207381248474,256
Cytarabine,CVCL_0459,ot_interpolation,0.4274557287723845,0.0027754956136732,0.2903225806451613,2.6435999870300293,0.9795207381248474,256
Cytarabine,CVCL_0459,control_floor,-0.2522310614585876,0.0050891637802124,0.015228426395939,2.6435999870300293,0.9795207381248474,256
Topotecan (hydrochloride),CVCL_0459,dose_field,-0.4860682785511017,0.041122805327177,0.1299435028248587,2.743997097015381,1.2960715293884275,256
Topotecan (hydrochloride),CVCL_0459,nearest_0.05,-0.0933570340275764,0.0063488683663308,0.1904761904761904,2.743997097015381,1.2960715293884275,256
Topotecan (hydrochloride),CVCL_0459,nearest_5,-0.6478713154792786,0.0127977533265948,0.0204081632653061,2.743997097015381,1.2960715293884275,256
Topotecan (hydrochloride),CVCL_0459,log_linear,-0.4793172478675842,0.2765538692474365,0.1049723756906077,2.743997097015381,1.2960715293884275,256
Topotecan (hydrochloride),CVCL_0459,ot_interpolation,-0.47931767168377,0.0094990158149501,0.1049723756906077,2.743997097015381,1.2960715293884275,256
Topotecan (hydrochloride),CVCL_0459,control_floor,-0.1124379932880401,0.0068773329257965,0.015228426395939,2.743997097015381,1.2960715293884275,256
Ornidazole,CVCL_0459,dose_field,0.4037604033946991,0.0316871404647827,0.1428571428571428,3.1517109870910645,0.9779865145683287,256
Ornidazole,CVCL_0459,nearest_0.05,0.47705739736557,0.0035104553680866,0.2121212121212121,3.1517109870910645,0.9779865145683287,256
Ornidazole,CVCL_0459,nearest_5,0.2993537783622741,0.0060653486289083,0.1560693641618497,3.1517109870910645,0.9779865145683287,256
Ornidazole,CVCL_0459,log_linear,0.4487382471561432,0.3217043876647949,0.1235955056179775,3.1517109870910645,0.9779865145683287,256
Ornidazole,CVCL_0459,ot_interpolation,0.4487391012072108,0.0039131509928863,0.1834319526627219,3.1517109870910645,0.9779865145683287,256
Ornidazole,CVCL_0459,control_floor,-0.2147982567548751,0.0087221665307879,0.0050251256281407,3.1517109870910645,0.9779865145683287,256
Afatinib,CVCL_0459,dose_field,0.17869433760643,0.0351122431457042,0.1976047904191616,2.995331287384033,0.5444925427436829,256
Afatinib,CVCL_0459,nearest_0.05,0.0136168086901307,0.0076665482483804,0.0928961748633879,2.995331287384033,0.5444925427436829,256
Afatinib,CVCL_0459,nearest_5,0.2206523567438125,0.002368340967223,0.2195121951219512,2.995331287384033,0.5444925427436829,256
Afatinib,CVCL_0459,log_linear,0.1454577296972274,0.2761986553668976,0.1627906976744186,2.995331287384033,0.5444925427436829,256
Afatinib,CVCL_0459,ot_interpolation,0.1454572514940498,0.0033598489227441,0.2269938650306748,2.995331287384033,0.5444925427436829,256
Afatinib,CVCL_0459,control_floor,-0.4344245791435241,0.006756832357496,0.0204081632653061,2.995331287384033,0.5444925427436829,256
Glasdegib,CVCL_0459,dose_field,0.4985962808132171,0.0316293723881244,0.1904761904761904,3.5059449672698975,0.813249409198761,256
Glasdegib,CVCL_0459,nearest_0.05,0.5955274105072021,0.0140467584133148,0.1695906432748538,3.5059449672698975,0.813249409198761,256
Glasdegib,CVCL_0459,nearest_5,0.0846618860960006,0.0133711993694305,0.1560693641618497,3.5059449672698975,0.813249409198761,256
Glasdegib,CVCL_0459,log_linear,0.4711626172065735,0.285811185836792,0.1173184357541899,3.5059449672698975,0.813249409198761,256
Glasdegib,CVCL_0459,ot_interpolation,0.4711623436622414,0.0097588813937675,0.1764705882352941,3.5059449672698975,0.813249409198761,256
Glasdegib,CVCL_0459,control_floor,0.0207063052803277,0.0129790501669049,0.0050251256281407,3.5059449672698975,0.813249409198761,256
Ribociclib,CVCL_0459,dose_field,0.3606815934181213,0.029226491227746,0.1363636363636363,2.2750203609466553,0.5505873560905457,256
Ribociclib,CVCL_0459,nearest_0.05,-0.0199153162539005,0.0044388771057128,0.2121212121212121,2.2750203609466553,0.5505873560905457,256
Ribociclib,CVCL_0459,nearest_5,0.4796516001224518,0.0022065539378672,0.3245033112582781,2.2750203609466553,0.5505873560905457,256
Ribociclib,CVCL_0459,log_linear,0.3479219675064087,0.32831010222435,0.0989010989010989,2.2750203609466553,0.5505873560905457,256
Ribociclib,CVCL_0459,ot_interpolation,0.347922156137301,0.0023717843148546,0.2121212121212121,2.2750203609466553,0.5505873560905457,256
Ribociclib,CVCL_0459,control_floor,0.1692850291728973,0.0037047665100544,0.0101010101010101,2.2750203609466553,0.5505873560905457,256
Flumatinib (mesylate),CVCL_0459,dose_field,-0.0988383442163467,0.0322943143546581,0.1235955056179775,3.1795754432678223,0.6127997040748596,256
Flumatinib (mesylate),CVCL_0459,nearest_0.05,0.336081713438034,0.0083633959293365,0.1173184357541899,3.1795754432678223,0.6127997040748596,256
Flumatinib (mesylate),CVCL_0459,nearest_5,-0.4759555459022522,0.0202297568321228,0.0471204188481675,3.1795754432678223,0.6127997040748596,256
Flumatinib (mesylate),CVCL_0459,log_linear,-0.1308251023292541,0.3235689401626587,0.1299435028248587,3.1795754432678223,0.6127997040748596,256
Flumatinib (mesylate),CVCL_0459,ot_interpolation,-0.1308246439172901,0.0110052551440773,0.1173184357541899,3.1795754432678223,0.6127997040748596,256
Flumatinib (mesylate),CVCL_0459,control_floor,0.0738149136304855,0.0085725486278533,0.0256410256410256,3.1795754432678223,0.6127997040748596,256
Fostamatinib (disodium hexahydrate),CVCL_0459,dose_field,0.3378483057022095,0.0299965534359216,0.3157894736842105,2.4793295860290527,0.6005327701568604,256
Fostamatinib (disodium hexahydrate),CVCL_0459,nearest_0.05,0.3047729134559631,0.001238981843926,0.2578616352201258,2.4793295860290527,0.6005327701568604,256
Fostamatinib (disodium hexahydrate),CVCL_0459,nearest_5,0.2089337706565857,0.0033160944003611,0.2422360248447205,2.4793295860290527,0.6005327701568604,256
Fostamatinib (disodium hexahydrate),CVCL_0459,log_linear,0.3267047703266144,0.2705309092998504,0.2345679012345679,2.4793295860290527,0.6005327701568604,256
Fostamatinib (disodium hexahydrate),CVCL_0459,ot_interpolation,0.3267050950944205,0.0013129551782949,0.3071895424836601,2.4793295860290527,0.6005327701568604,256
Fostamatinib (disodium hexahydrate),CVCL_0459,control_floor,-0.2084125280380249,0.0048796334303915,0.0101010101010101,2.4793295860290527,0.6005327701568604,256
Carbidopa (monohydrate),CVCL_0459,dose_field,-0.1423948407173156,0.0425559990108013,0.1363636363636363,2.9180667400360107,1.3621336221694946,256
Carbidopa (monohydrate),CVCL_0459,nearest_0.05,-0.1333899945020675,0.0085876183584332,0.1111111111111111,2.9180667400360107,1.3621336221694946,256
Carbidopa (monohydrate),CVCL_0459,nearest_5,-0.1472709774971008,0.0078241527080535,0.0989010989010989,2.9180667400360107,1.3621336221694946,256
Carbidopa (monohydrate),CVCL_0459,log_linear,-0.2039131969213485,0.3316841423511505,0.1363636363636363,2.9180667400360107,1.3621336221694946,256
Carbidopa (monohydrate),CVCL_0459,ot_interpolation,-0.2039127852762783,0.0096338077415505,0.081081081081081,2.9180667400360107,1.3621336221694946,256
Carbidopa (monohydrate),CVCL_0459,control_floor,0.2820847034454345,0.0069571137428283,0.0256410256410256,2.9180667400360107,1.3621336221694946,256
Fumaric acid,CVCL_0459,dose_field,0.2505521476268768,0.0331053547561168,0.282051282051282,2.3647074699401855,0.7223849296569824,256
Fumaric acid,CVCL_0459,nearest_0.05,0.3817673921585083,0.0016885995864868,0.25,2.3647074699401855,0.7223849296569824,256
Fumaric acid,CVCL_0459,nearest_5,0.0826046988368034,0.0085618598386645,0.2048192771084337,2.3647074699401855,0.7223849296569824,256
Fumaric acid,CVCL_0459,log_linear,0.2325060218572616,0.2752049267292022,0.2422360248447205,2.3647074699401855,0.7223849296569824,256
Fumaric acid,CVCL_0459,ot_interpolation,0.2325063817131914,0.0052490933384352,0.282051282051282,2.3647074699401855,0.7223849296569824,256
Fumaric acid,CVCL_0459,control_floor,-0.2229619026184082,0.0045761168003082,0.0101010101010101,2.3647074699401855,0.7223849296569824,256
Larotrectinib sulfate,CVCL_0459,dose_field,0.5865872502326965,0.038271140307188,0.0638297872340425,3.915608167648315,1.1143509149551392,256
Larotrectinib sulfate,CVCL_0459,nearest_0.05,0.7004499435424805,0.0052178702317178,0.282051282051282,3.915608167648315,1.1143509149551392,256
Larotrectinib sulfate,CVCL_0459,nearest_5,0.2942279279232025,0.0133399562910199,0.0989010989010989,3.915608167648315,1.1143509149551392,256
Larotrectinib sulfate,CVCL_0459,log_linear,0.5784379839897156,0.2923142611980438,0.1111111111111111,3.915608167648315,1.1143509149551392,256
Larotrectinib sulfate,CVCL_0459,ot_interpolation,0.5784384465983267,0.008735560829272,0.0989010989010989,3.915608167648315,1.1143509149551392,256
Larotrectinib sulfate,CVCL_0459,control_floor,0.0909824147820472,0.014917274005711,0.0204081632653061,3.915608167648315,1.1143509149551392,256
Naproxen,CVCL_0459,dose_field,0.3971125185489654,0.0275722239166498,0.2121212121212121,2.1145179271698,0.7543887495994568,256
Naproxen,CVCL_0459,nearest_0.05,0.2958115041255951,0.0009349386091344,0.2422360248447205,2.1145179271698,0.7543887495994568,256
Naproxen,CVCL_0459,nearest_5,0.1888798475265503,0.0013717213878408,0.2048192771084337,2.1145179271698,0.7543887495994568,256
Naproxen,CVCL_0459,log_linear,0.3413828313350677,0.3251508176326751,0.2121212121212121,2.1145179271698,0.7543887495994568,256
Naproxen,CVCL_0459,ot_interpolation,0.3413828699885254,0.0008520505755072,0.2658227848101265,2.1145179271698,0.7543887495994568,256
Naproxen,CVCL_0459,control_floor,0.1493574231863021,0.0034203429240733,0.0101010101010101,2.1145179271698,0.7543887495994568,256
Edoxaban (tosylate monohydrate),CVCL_0459,dose_field,0.6164112091064453,0.0347942523658275,0.1834319526627219,3.0094025135040283,0.6125015616416931,256
Edoxaban (tosylate monohydrate),CVCL_0459,nearest_0.05,0.566967248916626,0.0029313266277313,0.2578616352201258,3.0094025135040283,0.6125015616416931,256
Edoxaban (tosylate monohydrate),CVCL_0459,nearest_5,0.5243245363235474,0.0032504200935363,0.2903225806451613,3.0094025135040283,0.6125015616416931,256
Edoxaban (tosylate monohydrate),CVCL_0459,log_linear,0.6636398434638977,0.3255665302276611,0.1627906976744186,3.0094025135040283,0.6125015616416931,256
Edoxaban (tosylate monohydrate),CVCL_0459,ot_interpolation,0.6636393583253278,0.0035392886050215,0.3513513513513513,3.0094025135040283,0.6125015616416931,256
Edoxaban (tosylate monohydrate),CVCL_0459,control_floor,-0.0561656206846237,0.0071935653686523,0.015228426395939,3.0094025135040283,0.6125015616416931,256
Rimonabant (Hydrochloride),CVCL_0459,dose_field,0.0772792473435401,0.0533368997275829,0.0638297872340425,4.000324726104736,1.2126253843307495,256
Rimonabant (Hydrochloride),CVCL_0459,nearest_0.05,-0.6589894890785217,0.0184031929820776,0.0471204188481675,4.000324726104736,1.2126253843307495,256
Rimonabant (Hydrochloride),CVCL_0459,nearest_5,0.5251536965370178,0.006243506912142,0.1494252873563218,4.000324726104736,1.2126253843307495,256
Rimonabant (Hydrochloride),CVCL_0459,log_linear,0.0241847485303878,0.333958238363266,0.1111111111111111,4.000324726104736,1.2126253843307495,256
Rimonabant (Hydrochloride),CVCL_0459,ot_interpolation,0.0241852150917476,0.0135379636305489,0.0582010582010582,4.000324726104736,1.2126253843307495,256
Rimonabant (Hydrochloride),CVCL_0459,control_floor,0.0386587604880332,0.0136443376541137,0.0101010101010101,4.000324726104736,1.2126253843307495,256
Regorafenib,CVCL_0459,dose_field,0.1514581739902496,0.0276679694652557,0.1695906432748538,2.778491258621216,0.6143993735313416,256
Regorafenib,CVCL_0459,nearest_0.05,0.2359764575958252,0.0042751631699502,0.1560693641618497,2.778491258621216,0.6143993735313416,256
Regorafenib,CVCL_0459,nearest_5,-0.0567762404680252,0.0035752356052398,0.1904761904761904,2.778491258621216,0.6143993735313416,256
Regorafenib,CVCL_0459,log_linear,0.1614240407943725,0.279850423336029,0.1363636363636363,2.778491258621216,0.6143993735313416,256
Regorafenib,CVCL_0459,ot_interpolation,0.1614238973727675,0.0022876139822936,0.2578616352201258,2.778491258621216,0.6143993735313416,256
Regorafenib,CVCL_0459,control_floor,-0.3555271029472351,0.0062401592731475,0.0050251256281407,2.778491258621216,0.6143993735313416,256
Daptomycin,CVCL_0459,dose_field,0.8464034795761108,0.0389042980968952,0.4598540145985401,4.913228511810303,0.9392759799957277,256
Daptomycin,CVCL_0459,nearest_0.05,0.8493211269378662,0.0075512528419494,0.3888888888888889,4.913228511810303,0.9392759799957277,256
Daptomycin,CVCL_0459,nearest_5,0.8167387843132019,0.010953664779663,0.4388489208633093,4.913228511810303,0.9392759799957277,256
Daptomycin,CVCL_0459,log_linear,0.8514344692230225,0.28178870677948,0.3986013986013986,4.913228511810303,0.9392759799957277,256
Daptomycin,CVCL_0459,ot_interpolation,0.8514347114361084,0.0080667669887536,0.5625,4.913228511810303,0.9392759799957277,256
Daptomycin,CVCL_0459,control_floor,0.5359463691711426,0.0252480711787939,0.0101010101010101,4.913228511810303,0.9392759799957277,256
Plicamycin,CVCL_0459,dose_field,0.1767068803310394,0.0288160238415002,0.2269938650306748,2.1060945987701416,0.4018789231777191,256
Plicamycin,CVCL_0459,nearest_0.05,-0.020377991721034,0.0096147656440734,0.1049723756906077,2.1060945987701416,0.4018789231777191,256
Plicamycin,CVCL_0459,nearest_5,0.2905992269515991,0.0028509199619293,0.2345679012345679,2.1060945987701416,0.4018789231777191,256
Plicamycin,CVCL_0459,log_linear,0.1756925582885742,0.3229066431522369,0.1834319526627219,2.1060945987701416,0.4018789231777191,256
Plicamycin,CVCL_0459,ot_interpolation,0.1756923662477903,0.0026292301589158,0.3245033112582781,2.1060945987701416,0.4018789231777191,256
Plicamycin,CVCL_0459,control_floor,0.0580888651311397,0.0036373238544911,0.0256410256410256,2.1060945987701416,0.4018789231777191,256
Ivabradine (hydrochloride),CVCL_0459,dose_field,0.6325527429580688,0.0411754660308361,0.1560693641618497,5.639843940734863,0.7571189403533936,256
Ivabradine (hydrochloride),CVCL_0459,nearest_0.05,-0.3809864223003387,0.0340108685195446,0.0204081632653061,5.639843940734863,0.7571189403533936,256
Ivabradine (hydrochloride),CVCL_0459,nearest_5,0.843869149684906,0.0059623322449624,0.2195121951219512,5.639843940734863,0.7571189403533936,256
Ivabradine (hydrochloride),CVCL_0459,log_linear,0.7020981907844543,0.3381284177303314,0.081081081081081,5.639843940734863,0.7571189403533936,256
Ivabradine (hydrochloride),CVCL_0459,ot_interpolation,0.7020984056863595,0.0146666873279924,0.2269938650306748,5.639843940734863,0.7571189403533936,256
Ivabradine (hydrochloride),CVCL_0459,control_floor,-0.3472929298877716,0.0286382231861352,0.015228426395939,5.639843940734863,0.7571189403533936,256
Belumosudil,CVCL_0459,dose_field,-0.3457304835319519,0.0388660430908203,0.1173184357541899,2.897915840148926,0.7915135025978088,256
Belumosudil,CVCL_0459,nearest_0.05,0.2068688571453094,0.0049241483211517,0.1363636363636363,2.897915840148926,0.7915135025978088,256
Belumosudil,CVCL_0459,nearest_5,-0.5011839270591736,0.0226900372654199,0.0695187165775401,2.897915840148926,0.7915135025978088,256
Belumosudil,CVCL_0459,log_linear,-0.329115092754364,0.3280523717403412,0.1173184357541899,2.897915840148926,0.7915135025978088,256
Belumosudil,CVCL_0459,ot_interpolation,-0.3291146947820588,0.0127958989800566,0.1173184357541899,2.897915840148926,0.7915135025978088,256
Belumosudil,CVCL_0459,control_floor,-0.0303347781300544,0.0062287151813507,0.0204081632653061,2.897915840148926,0.7915135025978088,256
Pravastatin (sodium),CVCL_0459,dose_field,0.8443828225135803,0.0379199087619781,0.1695906432748538,4.645239353179932,0.7989405393600464,256
Pravastatin (sodium),CVCL_0459,nearest_0.05,0.7944722771644592,0.0036670267581939,0.1976047904191616,4.645239353179932,0.7989405393600464,256
Pravastatin (sodium),CVCL_0459,nearest_5,0.8389116525650024,0.0051917433738708,0.1695906432748538,4.645239353179932,0.7989405393600464,256
Pravastatin (sodium),CVCL_0459,log_linear,0.8574215769767761,0.2709396183490753,0.1363636363636363,4.645239353179932,0.7989405393600464,256
Pravastatin (sodium),CVCL_0459,ot_interpolation,0.8574214868403734,0.0044044470414561,0.1976047904191616,4.645239353179932,0.7989405393600464,256
Pravastatin (sodium),CVCL_0459,control_floor,0.021854905411601,0.0179997086524963,0.0256410256410256,4.645239353179932,0.7989405393600464,256
Cytarabine,CVCL_0480,dose_field,-0.1869305968284607,0.0401746742427349,0.0928961748633879,3.508680582046509,1.5266444683074951,256
Cytarabine,CVCL_0480,nearest_0.05,0.1127294152975082,0.0068959393538534,0.081081081081081,3.508680582046509,1.5266444683074951,256
Cytarabine,CVCL_0480,nearest_5,-0.3986792266368866,0.0131855113431811,0.0416666666666666,3.508680582046509,1.5266444683074951,256
Cytarabine,CVCL_0480,log_linear,-0.1954986453056335,0.3322605788707733,0.081081081081081,3.508680582046509,1.5266444683074951,256
Cytarabine,CVCL_0480,ot_interpolation,-0.195499198892122,0.0122749541038753,0.1173184357541899,3.508680582046509,1.5266444683074951,256
Cytarabine,CVCL_0480,control_floor,-0.0595153383910656,0.0136710898950696,0.0309278350515463,3.508680582046509,1.5266444683074951,256
Topotecan (hydrochloride),CVCL_0480,dose_field,-0.4286647439002991,0.037963330745697,0.0582010582010582,2.616752862930298,1.3658865690231323,256
Topotecan (hydrochloride),CVCL_0480,nearest_0.05,-0.1211018487811088,0.0092178285121917,0.1428571428571428,2.616752862930298,1.3658865690231323,256
Topotecan (hydrochloride),CVCL_0480,nearest_5,-0.5128882527351379,0.0196825768798589,0.0309278350515463,2.616752862930298,1.3658865690231323,256
Topotecan (hydrochloride),CVCL_0480,log_linear,-0.4264992177486419,0.335319310426712,0.0638297872340425,2.616752862930298,1.3658865690231323,256
Topotecan (hydrochloride),CVCL_0480,ot_interpolation,-0.426498985999365,0.0158790229807073,0.0869565217391304,2.616752862930298,1.3658865690231323,256
Topotecan (hydrochloride),CVCL_0480,control_floor,0.4169031083583832,0.0079758167266845,0.0101010101010101,2.616752862930298,1.3658865690231323,256
Ornidazole,CVCL_0480,dose_field,0.0995839387178421,0.0307732429355382,0.1904761904761904,2.866711139678955,1.0226473808288574,256
Ornidazole,CVCL_0480,nearest_0.05,0.2706179022789001,0.0071440734900534,0.0471204188481675,2.866711139678955,1.0226473808288574,256
Ornidazole,CVCL_0480,nearest_5,-0.0912545770406723,0.0098463697358965,0.1049723756906077,2.866711139678955,1.0226473808288574,256
Ornidazole,CVCL_0480,log_linear,0.1158023253083229,0.3252222239971161,0.1834319526627219,2.866711139678955,1.0226473808288574,256
Ornidazole,CVCL_0480,ot_interpolation,0.1158028733619416,0.0085552050456614,0.1235955056179775,2.866711139678955,1.0226473808288574,256
Ornidazole,CVCL_0480,control_floor,0.1617931276559829,0.0095178978517651,0.0204081632653061,2.866711139678955,1.0226473808288574,256
Afatinib,CVCL_0480,dose_field,0.3838999569416046,0.02988201379776,0.1363636363636363,3.400913715362549,0.7308304309844971,256
Afatinib,CVCL_0480,nearest_0.05,0.5155717730522156,0.00506337499246,0.2195121951219512,3.400913715362549,0.7308304309844971,256
Afatinib,CVCL_0480,nearest_5,-0.2262485921382904,0.0083147883415222,0.075268817204301,3.400913715362549,0.7308304309844971,256
Afatinib,CVCL_0480,log_linear,0.3685922920703888,0.2705609500408172,0.1235955056179775,3.400913715362549,0.7308304309844971,256
Afatinib,CVCL_0480,ot_interpolation,0.3685922322040375,0.0049472217215572,0.1976047904191616,3.400913715362549,0.7308304309844971,256
Afatinib,CVCL_0480,control_floor,-0.0243047419935464,0.0131817264482378,0.015228426395939,3.400913715362549,0.7308304309844971,256
Glasdegib,CVCL_0480,dose_field,0.1889469921588897,0.0406976826488971,0.0362694300518134,3.2659006118774414,1.1295177936553955,256
Glasdegib,CVCL_0480,nearest_0.05,0.3342368304729461,0.018892815336585,0.075268817204301,3.2659006118774414,1.1295177936553955,256
Glasdegib,CVCL_0480,nearest_5,-0.0587953254580497,0.0177137162536382,0.0989010989010989,3.2659006118774414,1.1295177936553955,256
Glasdegib,CVCL_0480,log_linear,0.2074390798807144,0.3287214338779449,0.0526315789473684,3.2659006118774414,1.1295177936553955,256
Glasdegib,CVCL_0480,ot_interpolation,0.2074382598184463,0.0146637179423744,0.0928961748633879,3.2659006118774414,1.1295177936553955,256
Glasdegib,CVCL_0480,control_floor,0.1748854368925094,0.0174413118511438,0.015228426395939,3.2659006118774414,1.1295177936553955,256
Ribociclib,CVCL_0480,dose_field,0.0229616928845644,0.0345003418624401,0.0695187165775401,2.373944044113159,0.8905209898948669,256
Ribociclib,CVCL_0480,nearest_0.05,-0.3566442430019378,0.0120386881753802,0.0416666666666666,2.373944044113159,0.8905209898948669,256
Ribociclib,CVCL_0480,nearest_5,0.3190521597862243,0.0062029161490499,0.1049723756906077,2.373944044113159,0.8905209898948669,256
Ribociclib,CVCL_0480,log_linear,-0.032460369169712,0.3226693570613861,0.0869565217391304,2.373944044113159,0.8905209898948669,256
Ribociclib,CVCL_0480,ot_interpolation,-0.0324606249754656,0.0078284180973441,0.075268817204301,2.373944044113159,0.8905209898948669,256
Ribociclib,CVCL_0480,control_floor,0.5276895761489868,0.0063308277167379,0.015228426395939,2.373944044113159,0.8905209898948669,256
Flumatinib (mesylate),CVCL_0480,dose_field,-0.2274873703718185,0.0357648022472858,0.0582010582010582,2.855072021484375,0.4414507150650024,256
Flumatinib (mesylate),CVCL_0480,nearest_0.05,0.1711623221635818,0.0134118692949414,0.1111111111111111,2.855072021484375,0.4414507150650024,256
Flumatinib (mesylate),CVCL_0480,nearest_5,-0.3201611042022705,0.0228991117328405,0.1173184357541899,2.855072021484375,0.4414507150650024,256
Flumatinib (mesylate),CVCL_0480,log_linear,-0.2090558260679245,0.3216567039489746,0.0582010582010582,2.855072021484375,0.4414507150650024,256
Flumatinib (mesylate),CVCL_0480,ot_interpolation,-0.2090559295542835,0.008421482792588,0.0989010989010989,2.855072021484375,0.4414507150650024,256
Flumatinib (mesylate),CVCL_0480,control_floor,0.2761279046535492,0.0104390084743499,0.0101010101010101,2.855072021484375,0.4414507150650024,256
Fostamatinib (disodium hexahydrate),CVCL_0480,dose_field,0.0625479072332382,0.0258830990642309,0.1173184357541899,2.725985050201416,0.5789276957511902,256
Fostamatinib (disodium hexahydrate),CVCL_0480,nearest_0.05,-0.1055809259414672,0.0054126582108438,0.075268817204301,2.725985050201416,0.5789276957511902,256
Fostamatinib (disodium hexahydrate),CVCL_0480,nearest_5,0.1006180346012115,0.00587859749794,0.1976047904191616,2.725985050201416,0.5789276957511902,256
Fostamatinib (disodium hexahydrate),CVCL_0480,log_linear,0.0186944212764501,0.2684094607830047,0.0928961748633879,2.725985050201416,0.5789276957511902,256
Fostamatinib (disodium hexahydrate),CVCL_0480,ot_interpolation,0.0186944382007738,0.0031180546208559,0.1695906432748538,2.725985050201416,0.5789276957511902,256
Fostamatinib (disodium hexahydrate),CVCL_0480,control_floor,0.1334616988897323,0.008919964544475,0.0050251256281407,2.725985050201416,0.5789276957511902,256
Carbidopa (monohydrate),CVCL_0480,dose_field,-0.2607368230819702,0.0408873856067657,0.015228426395939,2.107621192932129,1.7289128303527832,256
Carbidopa (monohydrate),CVCL_0480,nearest_0.05,-0.325484961271286,0.0136775374412536,0.0526315789473684,2.107621192932129,1.7289128303527832,256
Carbidopa (monohydrate),CVCL_0480,nearest_5,-0.0917316302657127,0.0092016160488128,0.0471204188481675,2.107621192932129,1.7289128303527832,256
Carbidopa (monohydrate),CVCL_0480,log_linear,-0.3120877742767334,0.3349916040897369,0.0256410256410256,2.107621192932129,1.7289128303527832,256
Carbidopa (monohydrate),CVCL_0480,ot_interpolation,-0.3120876934152455,0.0118311901215411,0.0362694300518134,2.107621192932129,1.7289128303527832,256
Carbidopa (monohydrate),CVCL_0480,control_floor,0.6982947587966919,0.0049825310707092,0.0101010101010101,2.107621192932129,1.7289128303527832,256
Fumaric acid,CVCL_0480,dose_field,0.4233371317386627,0.0333661846816539,0.2121212121212121,3.342186212539673,0.8350087404251099,256
Fumaric acid,CVCL_0480,nearest_0.05,0.4332746267318725,0.0047794780693948,0.1904761904761904,3.342186212539673,0.8350087404251099,256
Fumaric acid,CVCL_0480,nearest_5,0.3720306754112243,0.0133728384971618,0.1111111111111111,3.342186212539673,0.8350087404251099,256
Fumaric acid,CVCL_0480,log_linear,0.4383426606655121,0.2674567997455597,0.2121212121212121,3.342186212539673,0.8350087404251099,256
Fumaric acid,CVCL_0480,ot_interpolation,0.4383426567728101,0.0074650593812657,0.1904761904761904,3.342186212539673,0.8350087404251099,256
Fumaric acid,CVCL_0480,control_floor,-0.1253894567489624,0.0134319067001342,0.0101010101010101,3.342186212539673,0.8350087404251099,256
Larotrectinib sulfate,CVCL_0480,dose_field,0.6498315930366516,0.0460378639400005,0.081081081081081,4.505433082580566,1.8381049633026123,256
Larotrectinib sulfate,CVCL_0480,nearest_0.05,0.7668284177780151,0.0116176204755902,0.4184397163120567,4.505433082580566,1.8381049633026123,256
Larotrectinib sulfate,CVCL_0480,nearest_5,0.3832219839096069,0.0232584569603204,0.2048192771084337,4.505433082580566,1.8381049633026123,256
Larotrectinib sulfate,CVCL_0480,log_linear,0.6291753053665161,0.3368435800075531,0.0204081632653061,4.505433082580566,1.8381049633026123,256
Larotrectinib sulfate,CVCL_0480,ot_interpolation,0.6291750157554551,0.0183288220160286,0.2048192771084337,4.505433082580566,1.8381049633026123,256
Larotrectinib sulfate,CVCL_0480,control_floor,0.3887213170528412,0.0264880154281854,0.0204081632653061,4.505433082580566,1.8381049633026123,256
Naproxen,CVCL_0480,dose_field,0.3794018924236297,0.0307337641716003,0.2269938650306748,3.0216825008392334,1.0970767736434937,256
Naproxen,CVCL_0480,nearest_0.05,0.5113860964775085,0.0021012227516621,0.1834319526627219,3.0216825008392334,1.0970767736434937,256
Naproxen,CVCL_0480,nearest_5,0.1171410307288169,0.0037236611824482,0.1976047904191616,3.0216825008392334,1.0970767736434937,256
Naproxen,CVCL_0480,log_linear,0.3833749890327453,0.2651679813861847,0.1764705882352941,3.0216825008392334,1.0970767736434937,256
Naproxen,CVCL_0480,ot_interpolation,0.3833761259670619,0.0033086193729727,0.2121212121212121,3.0216825008392334,1.0970767736434937,256
Naproxen,CVCL_0480,control_floor,0.1017022132873535,0.0098356502130627,0.0256410256410256,3.0216825008392334,1.0970767736434937,256
Edoxaban (tosylate monohydrate),CVCL_0480,dose_field,0.5676150918006897,0.0296531412750482,0.4598540145985401,2.9499852657318115,0.7054888606071472,256
Edoxaban (tosylate monohydrate),CVCL_0480,nearest_0.05,0.3495399951934814,0.0058156251907348,0.2658227848101265,2.9499852657318115,0.7054888606071472,256
Edoxaban (tosylate monohydrate),CVCL_0480,nearest_5,0.5459485650062561,0.0026242733001708,0.3245033112582781,2.9499852657318115,0.7054888606071472,256
Edoxaban (tosylate monohydrate),CVCL_0480,log_linear,0.5494190454483032,0.2699303328990936,0.3513513513513513,2.9499852657318115,0.7054888606071472,256
Edoxaban (tosylate monohydrate),CVCL_0480,ot_interpolation,0.5494193697359869,0.0039933714619591,0.3888888888888889,2.9499852657318115,0.7054888606071472,256
Edoxaban (tosylate monohydrate),CVCL_0480,control_floor,0.1988600790500641,0.0097224013879895,0.015228426395939,2.9499852657318115,0.7054888606071472,256
Rimonabant (Hydrochloride),CVCL_0480,dose_field,0.1913956105709076,0.0488520748913288,0.015228426395939,3.708178758621216,1.2725869417190552,256
Rimonabant (Hydrochloride),CVCL_0480,nearest_0.05,-0.6640436053276062,0.0334377698600292,0.0309278350515463,3.708178758621216,1.2725869417190552,256
Rimonabant (Hydrochloride),CVCL_0480,nearest_5,0.6764318346977234,0.0113463401794433,0.25,3.708178758621216,1.2725869417190552,256
Rimonabant (Hydrochloride),CVCL_0480,log_linear,0.2242191284894943,0.2994660437107086,0.015228426395939,3.708178758621216,1.2725869417190552,256
Rimonabant (Hydrochloride),CVCL_0480,ot_interpolation,0.2242188943580316,0.0210891449473366,0.0309278350515463,3.708178758621216,1.2725869417190552,256
Rimonabant (Hydrochloride),CVCL_0480,control_floor,0.496782898902893,0.0156082017347216,0.0256410256410256,3.708178758621216,1.2725869417190552,256
Regorafenib,CVCL_0480,dose_field,-0.2035527527332306,0.0323475301265716,0.0928961748633879,2.7543623447418213,0.9683132767677308,256
Regorafenib,CVCL_0480,nearest_0.05,-0.1839677840471267,0.0123400492593646,0.0869565217391304,2.7543623447418213,0.9683132767677308,256
Regorafenib,CVCL_0480,nearest_5,-0.1732475459575653,0.0081930560991168,0.1764705882352941,2.7543623447418213,0.9683132767677308,256
Regorafenib,CVCL_0480,log_linear,-0.2511399984359741,0.2760804891586303,0.0869565217391304,2.7543623447418213,0.9683132767677308,256
Regorafenib,CVCL_0480,ot_interpolation,-0.2511411327347486,0.0085696647650398,0.1428571428571428,2.7543623447418213,0.9683132767677308,256
Regorafenib,CVCL_0480,control_floor,0.2881272435188293,0.010539561510086,0.015228426395939,2.7543623447418213,0.9683132767677308,256
Daptomycin,CVCL_0480,dose_field,0.4592181444168091,0.0568676106631755,0.2345679012345679,4.5411858558654785,1.1208807229995728,256
Daptomycin,CVCL_0480,nearest_0.05,0.3150526881217956,0.0214570965617895,0.1363636363636363,4.5411858558654785,1.1208807229995728,256
Daptomycin,CVCL_0480,nearest_5,0.5811408758163452,0.0169735942035913,0.1695906432748538,4.5411858558654785,1.1208807229995728,256
Daptomycin,CVCL_0480,log_linear,0.5080397725105286,0.2838817536830902,0.2903225806451613,4.5411858558654785,1.1208807229995728,256
Daptomycin,CVCL_0480,ot_interpolation,0.508039057058334,0.0183620748546516,0.1904761904761904,4.5411858558654785,1.1208807229995728,256
Daptomycin,CVCL_0480,control_floor,0.1439691632986068,0.0255159735679626,0.0101010101010101,4.5411858558654785,1.1208807229995728,256
Plicamycin,CVCL_0480,dose_field,-0.3737848699092865,0.03153832629323,0.2738853503184713,3.922399282455444,0.7716419100761414,256
Plicamycin,CVCL_0480,nearest_0.05,-0.3458988070487976,0.0145745975896716,0.075268817204301,3.922399282455444,0.7716419100761414,256
Plicamycin,CVCL_0480,nearest_5,-0.0890047699213028,0.0064155161380767,0.2738853503184713,3.922399282455444,0.7716419100761414,256
Plicamycin,CVCL_0480,log_linear,-0.384044885635376,0.2755683660507202,0.2048192771084337,3.922399282455444,0.7716419100761414,256
Plicamycin,CVCL_0480,ot_interpolation,-0.3840442134251202,0.0073335518788823,0.2987012987012987,3.922399282455444,0.7716419100761414,256
Plicamycin,CVCL_0480,control_floor,-0.6718109846115112,0.0187124516814947,0.0204081632653061,3.922399282455444,0.7716419100761414,256
Ivabradine (hydrochloride),CVCL_0480,dose_field,0.8116763234138489,0.0477323345839977,0.2422360248447205,6.938207626342773,0.8565011024475098,256
Ivabradine (hydrochloride),CVCL_0480,nearest_0.05,-0.6701462268829346,0.0453823022544384,0.0256410256410256,6.938207626342773,0.8565011024475098,256
Ivabradine (hydrochloride),CVCL_0480,nearest_5,0.9340817928314208,0.0062399208545684,0.2987012987012987,6.938207626342773,0.8565011024475098,256
Ivabradine (hydrochloride),CVCL_0480,log_linear,0.8229514360427856,0.288946658372879,0.2121212121212121,6.938207626342773,0.8565011024475098,256
Ivabradine (hydrochloride),CVCL_0480,ot_interpolation,0.8229516927157531,0.0203672895581125,0.1834319526627219,6.938207626342773,0.8565011024475098,256
Ivabradine (hydrochloride),CVCL_0480,control_floor,-0.4901756942272186,0.0544331558048725,0.0256410256410256,6.938207626342773,0.8565011024475098,256
Belumosudil,CVCL_0480,dose_field,-0.4290435910224914,0.0423920862376689,0.1111111111111111,3.0022337436676025,0.8093510270118713,256
Belumosudil,CVCL_0480,nearest_0.05,0.2357128262519836,0.0062888064421713,0.1560693641618497,3.0022337436676025,0.8093510270118713,256
Belumosudil,CVCL_0480,nearest_5,-0.565033495426178,0.0419586300849914,0.0309278350515463,3.0022337436676025,0.8093510270118713,256
Belumosudil,CVCL_0480,log_linear,-0.4149003624916076,0.3331875801086426,0.1111111111111111,3.0022337436676025,0.8093510270118713,256
Belumosudil,CVCL_0480,ot_interpolation,-0.4149005176888153,0.019912892903461,0.0526315789473684,3.0022337436676025,0.8093510270118713,256
Belumosudil,CVCL_0480,control_floor,0.1821612417697906,0.0102748572826385,0.015228426395939,3.0022337436676025,0.8093510270118713,256
Pravastatin (sodium),CVCL_0480,dose_field,0.931886911392212,0.0261819567531347,0.2345679012345679,6.060909271240234,0.5607327222824097,256
Pravastatin (sodium),CVCL_0480,nearest_0.05,0.9131879210472108,0.0040400722064077,0.25,6.060909271240234,0.5607327222824097,256
Pravastatin (sodium),CVCL_0480,nearest_5,0.8884925842285156,0.007494727615267,0.2048192771084337,6.060909271240234,0.5607327222824097,256
Pravastatin (sodium),CVCL_0480,log_linear,0.9367948174476624,0.2670552432537079,0.2269938650306748,6.060909271240234,0.5607327222824097,256
Pravastatin (sodium),CVCL_0480,ot_interpolation,0.936794926870968,0.002042992446341,0.3245033112582781,6.060909271240234,0.5607327222824097,256
Pravastatin (sodium),CVCL_0480,control_floor,-0.3410156965255737,0.042426973581314,0.0050251256281407,6.060909271240234,0.5607327222824097,256
